node_id,t,budget,K,ep_utility,ac_utility
1,1,2400,5,119.09999999999998,35
1,2,2400,5,125.4878692344331,53
1,3,2400,5,125.5497350774393,63
1,4,2400,5,125.4878692344331,73
1,5,2400,5,125.40324660870336,77
1,6,2400,5,125.31544385622897,80
1,7,2400,5,125.22985791584149,82
1,8,2400,5,125.14808302805608,84
1,9,2400,5,125.07046970526443,85
1,10,2400,5,124.99692510942948,85
1,11,2400,5,124.9272007603268,88
1,12,2400,5,124.86100451433387,89
1,1,2400,6,145.40999999999997,31
1,2,2400,6,150,45
1,3,2400,6,150,60
1,4,2400,6,150,70
1,5,2400,6,150,76
1,6,2400,6,150,81
1,7,2400,6,150,85
1,8,2400,6,150,85
1,9,2400,6,150,87
1,10,2400,6,150,89
1,11,2400,6,150,90
1,12,2400,6,150,90
1,1,2400,7,150,40
1,2,2400,7,150,58
1,3,2400,7,150,83
1,4,2400,7,150,96
1,5,2400,7,150,106
1,6,2400,7,150,108
1,7,2400,7,150,111
1,8,2400,7,150,111
1,9,2400,7,150,112
1,10,2400,7,150,112
1,11,2400,7,150,112
1,12,2400,7,150,113
1,1,2400,8,150,50
1,2,2400,8,150,76
1,3,2400,8,150,91
1,4,2400,8,150,99
1,5,2400,8,150,102
1,6,2400,8,150,108
1,7,2400,8,150,108
1,8,2400,8,150,109
1,9,2400,8,150,110
1,10,2400,8,150,110
1,11,2400,8,150,111
1,12,2400,8,150,111
1,1,2400,9,150,49
1,2,2400,9,150,81
1,3,2400,9,150,103
1,4,2400,9,150,113
1,5,2400,9,150,117
1,6,2400,9,150,121
1,7,2400,9,150,123
1,8,2400,9,150,123
1,9,2400,9,150,123
1,10,2400,9,150,124
1,11,2400,9,150,125
1,12,2400,9,150,125
1,1,2400,10,150,44
1,2,2400,10,150,68
1,3,2400,10,150,90
1,4,2400,10,150,109
1,5,2400,10,150,119
1,6,2400,10,150,125
1,7,2400,10,150,129
1,8,2400,10,150,129
1,9,2400,10,150,130
1,10,2400,10,150,130
1,11,2400,10,150,130
1,12,2400,10,150,131
1,1,2400,11,150,58
1,2,2400,11,150,85
1,3,2400,11,150,110
1,4,2400,11,150,116
1,5,2400,11,150,126
1,6,2400,11,150,128
1,7,2400,11,150,129
1,8,2400,11,150,134
1,9,2400,11,150,134
1,10,2400,11,66.3684625547147,43
1,11,2400,11,0,0
1,12,2400,11,0,0
1,1,2400,12,150,60
1,2,2400,12,150,92
1,3,2400,12,150,112
1,4,2400,12,150,125
1,5,2400,12,150,134
1,6,2400,12,150,136
1,7,2400,12,150,140
1,8,2400,12,150,141
1,9,2400,12,150,143
1,10,2400,12,150,145
1,11,2400,12,150,145
1,12,2400,12,47.79033483811127,29
1,1,2400,13,150,89
1,2,2400,13,150,128
1,3,2400,13,150,131
1,4,2400,13,150,142
1,5,2400,13,150,146
1,6,2400,13,150,145
1,7,2400,13,150,146
1,8,2400,13,150,146
1,9,2400,13,150,145
1,10,2400,13,150,146
1,11,2400,13,150,145
1,12,2400,13,72.84050225716696,45
1,1,2400,14,150,60
1,2,2400,14,150,106
1,3,2400,14,150,126
1,4,2400,14,150,134
1,5,2400,14,150,139
1,6,2400,14,150,143
1,7,2400,14,150,144
1,8,2400,14,150,144
1,9,2400,14,150,146
1,10,2400,14,150,146
1,11,2400,14,150,114
1,12,2400,14,23.670167419055634,15
1,1,2400,15,150,81
1,2,2400,15,150,113
1,3,2400,15,150,135
1,4,2400,15,150,142
1,5,2400,15,150,145
1,6,2400,15,150,147
1,7,2400,15,150,148
1,8,2400,15,150,148
1,9,2400,15,150,148
1,10,2400,15,59.078462554714676,44
1,11,2400,15,0,0
1,12,2400,15,0,0
1,1,3000,5,135.30000000000004,41
1,2,3000,5,141.68786923443318,63
1,3,3000,5,141.74973507743917,76
1,4,3000,5,141.68786923443318,79
1,5,3000,5,141.60324660870344,83
1,6,3000,5,141.5154438562291,85
1,7,3000,5,141.42985791584155,85
1,8,3000,5,141.3480830280562,87
1,9,3000,5,141.27046970526433,88
1,10,3000,5,141.19692510942937,88
1,11,3000,5,141.1272007603267,88
1,12,3000,5,141.06100451433397,88
1,1,3000,6,149.15999999999997,48
1,2,3000,6,150,51
1,3,3000,6,150,64
1,4,3000,6,150,76
1,5,3000,6,150,83
1,6,3000,6,150,91
1,7,3000,6,150,95
1,8,3000,6,150,97
1,9,3000,6,150,93
1,10,3000,6,150,98
1,11,3000,6,150,99
1,12,3000,6,150,99
1,1,3000,7,150,32
1,2,3000,7,150,50
1,3,3000,7,150,71
1,4,3000,7,150,85
1,5,3000,7,150,96
1,6,3000,7,150,102
1,7,3000,7,150,105
1,8,3000,7,150,110
1,9,3000,7,150,111
1,10,3000,7,150,112
1,11,3000,7,150,114
1,12,3000,7,150,114
1,1,3000,8,150,50
1,2,3000,8,150,78
1,3,3000,8,150,93
1,4,3000,8,150,111
1,5,3000,8,150,113
1,6,3000,8,150,115
1,7,3000,8,150,117
1,8,3000,8,150,119
1,9,3000,8,150,115
1,10,3000,8,150,120
1,11,3000,8,150,120
1,12,3000,8,150,121
1,1,3000,9,150,47
1,2,3000,9,150,83
1,3,3000,9,150,100
1,4,3000,9,150,113
1,5,3000,9,150,118
1,6,3000,9,150,121
1,7,3000,9,150,123
1,8,3000,9,150,125
1,9,3000,9,150,128
1,10,3000,9,150,129
1,11,3000,9,150,129
1,12,3000,9,150,129
1,1,3000,10,150,58
1,2,3000,10,150,78
1,3,3000,10,150,104
1,4,3000,10,150,115
1,5,3000,10,150,122
1,6,3000,10,150,126
1,7,3000,10,150,131
1,8,3000,10,150,130
1,9,3000,10,150,132
1,10,3000,10,150,131
1,11,3000,10,150,133
1,12,3000,10,150,133
1,1,3000,11,150,63
1,2,3000,11,150,86
1,3,3000,11,150,106
1,4,3000,11,150,117
1,5,3000,11,150,122
1,6,3000,11,150,126
1,7,3000,11,150,131
1,8,3000,11,150,135
1,9,3000,11,150,137
1,10,3000,11,150,138
1,11,3000,11,150,138
1,12,3000,11,150,139
1,1,3000,12,150,65
1,2,3000,12,150,103
1,3,3000,12,150,122
1,4,3000,12,150,124
1,5,3000,12,150,134
1,6,3000,12,150,133
1,7,3000,12,150,138
1,8,3000,12,150,136
1,9,3000,12,150,136
1,10,3000,12,150,138
1,11,3000,12,150,142
1,12,3000,12,150,140
1,1,3000,13,150,72
1,2,3000,13,150,103
1,3,3000,13,150,121
1,4,3000,13,150,129
1,5,3000,13,150,132
1,6,3000,13,150,135
1,7,3000,13,150,136
1,8,3000,13,150,141
1,9,3000,13,150,141
1,10,3000,13,150,141
1,11,3000,13,150,141
1,12,3000,13,150,141
1,1,3000,14,150,60
1,2,3000,14,150,98
1,3,3000,14,150,119
1,4,3000,14,150,131
1,5,3000,14,150,139
1,6,3000,14,150,143
1,7,3000,14,150,145
1,8,3000,14,150,147
1,9,3000,14,150,147
1,10,3000,14,150,148
1,11,3000,14,150,148
1,12,3000,14,150,121
1,1,3000,15,150,66
1,2,3000,15,150,103
1,3,3000,15,150,127
1,4,3000,15,150,142
1,5,3000,15,150,144
1,6,3000,15,150,146
1,7,3000,15,150,148
1,8,3000,15,150,149
1,9,3000,15,150,150
1,10,3000,15,150,150
1,11,3000,15,150,150
1,12,3000,15,150,114
1,1,3600,5,125.2200000000001,25
1,2,3600,5,130.67450470988337,43
1,3,3600,5,130.69010128892043,52
1,4,3600,5,131.72450470988332,58
1,5,3600,5,130.56419566802978,65
1,6,3600,5,131.55816370910932,68
1,7,3600,5,130.4034840921801,75
1,8,3600,5,131.39640441034854,75
1,9,3600,5,130.25319762036074,76
1,10,3600,5,131.25003124408255,77
1,11,3600,5,130.11694841160445,76
1,12,3600,5,131.11817775455808,77
1,1,3600,6,150,35
1,2,3600,6,150,52
1,3,3600,6,150,73
1,4,3600,6,150,85
1,5,3600,6,150,91
1,6,3600,6,150,94
1,7,3600,6,150,97
1,8,3600,6,150,99
1,9,3600,6,150,99
1,10,3600,6,150,100
1,11,3600,6,150,100
1,12,3600,6,150,100
1,1,3600,7,150,49
1,2,3600,7,150,74
1,3,3600,7,150,84
1,4,3600,7,150,93
1,5,3600,7,150,104
1,6,3600,7,150,112
1,7,3600,7,150,114
1,8,3600,7,150,116
1,9,3600,7,150,118
1,10,3600,7,150,118
1,11,3600,7,150,118
1,12,3600,7,150,118
1,1,3600,8,150,41
1,2,3600,8,150,69
1,3,3600,8,150,92
1,4,3600,8,150,107
1,5,3600,8,150,115
1,6,3600,8,150,117
1,7,3600,8,150,119
1,8,3600,8,150,121
1,9,3600,8,150,124
1,10,3600,8,150,125
1,11,3600,8,150,125
1,12,3600,8,150,119
1,1,3600,9,150,51
1,2,3600,9,150,79
1,3,3600,9,150,99
1,4,3600,9,150,111
1,5,3600,9,150,118
1,6,3600,9,150,120
1,7,3600,9,150,123
1,8,3600,9,150,126
1,9,3600,9,150,127
1,10,3600,9,150,128
1,11,3600,9,150,128
1,12,3600,9,150,128
1,1,3600,10,150,50
1,2,3600,10,150,87
1,3,3600,10,150,109
1,4,3600,10,150,122
1,5,3600,10,150,128
1,6,3600,10,150,131
1,7,3600,10,150,132
1,8,3600,10,150,132
1,9,3600,10,150,133
1,10,3600,10,150,134
1,11,3600,10,150,134
1,12,3600,10,150,134
1,1,3600,11,150,51
1,2,3600,11,150,87
1,3,3600,11,150,104
1,4,3600,11,150,117
1,5,3600,11,150,126
1,6,3600,11,150,130
1,7,3600,11,150,132
1,8,3600,11,150,133
1,9,3600,11,150,135
1,10,3600,11,150,135
1,11,3600,11,150,135
1,12,3600,11,150,138
1,1,3600,12,150,52
1,2,3600,12,150,95
1,3,3600,12,150,114
1,4,3600,12,150,122
1,5,3600,12,150,129
1,6,3600,12,150,131
1,7,3600,12,150,136
1,8,3600,12,150,139
1,9,3600,12,150,139
1,10,3600,12,150,141
1,11,3600,12,150,142
1,12,3600,12,150,142
1,1,3600,13,150,74
1,2,3600,13,150,108
1,3,3600,13,150,124
1,4,3600,13,150,134
1,5,3600,13,150,137
1,6,3600,13,150,140
1,7,3600,13,150,142
1,8,3600,13,150,142
1,9,3600,13,150,142
1,10,3600,13,150,142
1,11,3600,13,150,142
1,12,3600,13,150,142
1,1,3600,14,150,76
1,2,3600,14,150,116
1,3,3600,14,150,130
1,4,3600,14,150,136
1,5,3600,14,150,143
1,6,3600,14,150,146
1,7,3600,14,150,147
1,8,3600,14,150,147
1,9,3600,14,150,147
1,10,3600,14,150,147
1,11,3600,14,150,147
1,12,3600,14,150,147
1,1,3600,15,150,74
1,2,3600,15,150,110
1,3,3600,15,150,123
1,4,3600,15,150,134
1,5,3600,15,150,137
1,6,3600,15,150,138
1,7,3600,15,150,139
1,8,3600,15,150,142
1,9,3600,15,150,143
1,10,3600,15,150,143
1,11,3600,15,150,97
1,12,3600,15,0,0
1,1,4200,5,130.8,31
1,2,4200,5,136.22450470988343,48
1,3,4200,5,137.32010128892045,64
1,4,4200,5,137.23974047086043,71
1,5,4200,5,136.17540180248096,67
1,6,4200,5,137.09067823001817,76
1,7,4200,5,135.99955857582236,75
1,8,4200,5,136.93815566251953,82
1,9,4200,5,136.85034726729353,83
1,10,4200,5,135.78692416439512,82
1,11,4200,5,136.7184410742652,84
1,12,4200,5,135.64969666624026,85
1,1,4200,6,141.23999999999998,39
1,2,4200,6,148.6925141068388,65
1,3,4200,6,148.7646909236791,82
1,4,4200,6,148.6925141068388,87
1,5,4200,6,148.593787710154,91
1,6,4200,6,148.49135116560058,92
1,7,4200,6,148.39150090181508,95
1,8,4200,6,148.2960968660655,96
1,9,4200,6,148.2055479894751,100
1,10,4200,6,148.119745961001,103
1,11,4200,6,148.03840088704789,103
1,12,4200,6,147.96117193338947,104
1,1,4200,7,150,38
1,2,4200,7,150,61
1,3,4200,7,150,76
1,4,4200,7,150,82
1,5,4200,7,150,89
1,6,4200,7,150,102
1,7,4200,7,150,109
1,8,4200,7,150,111
1,9,4200,7,150,113
1,10,4200,7,150,115
1,11,4200,7,150,115
1,12,4200,7,150,115
1,1,4200,8,150,37
1,2,4200,8,150,59
1,3,4200,8,150,70
1,4,4200,8,150,84
1,5,4200,8,150,97
1,6,4200,8,150,106
1,7,4200,8,150,108
1,8,4200,8,150,106
1,9,4200,8,150,112
1,10,4200,8,150,115
1,11,4200,8,150,116
1,12,4200,8,150,117
1,1,4200,9,150,44
1,2,4200,9,150,70
1,3,4200,9,150,96
1,4,4200,9,150,107
1,5,4200,9,150,112
1,6,4200,9,150,116
1,7,4200,9,150,120
1,8,4200,9,150,122
1,9,4200,9,150,123
1,10,4200,9,150,124
1,11,4200,9,150,125
1,12,4200,9,150,127
1,1,4200,10,150,50
1,2,4200,10,150,79
1,3,4200,10,150,95
1,4,4200,10,150,110
1,5,4200,10,150,119
1,6,4200,10,150,127
1,7,4200,10,150,131
1,8,4200,10,150,133
1,9,4200,10,150,134
1,10,4200,10,150,134
1,11,4200,10,150,135
1,12,4200,10,150,137
1,1,4200,11,150,46
1,2,4200,11,150,82
1,3,4200,11,150,109
1,4,4200,11,150,117
1,5,4200,11,150,123
1,6,4200,11,150,130
1,7,4200,11,150,132
1,8,4200,11,150,135
1,9,4200,11,150,136
1,10,4200,11,150,138
1,11,4200,11,150,138
1,12,4200,11,150,138
1,1,4200,12,150,53
1,2,4200,12,150,88
1,3,4200,12,150,110
1,4,4200,12,150,120
1,5,4200,12,150,132
1,6,4200,12,150,137
1,7,4200,12,150,139
1,8,4200,12,150,139
1,9,4200,12,150,140
1,10,4200,12,150,140
1,11,4200,12,150,141
1,12,4200,12,150,141
1,1,4200,13,150,65
1,2,4200,13,150,102
1,3,4200,13,150,126
1,4,4200,13,150,132
1,5,4200,13,150,137
1,6,4200,13,150,141
1,7,4200,13,150,142
1,8,4200,13,150,142
1,9,4200,13,150,142
1,10,4200,13,150,145
1,11,4200,13,150,146
1,12,4200,13,150,146
1,1,4200,14,150,61
1,2,4200,14,150,96
1,3,4200,14,150,118
1,4,4200,14,150,130
1,5,4200,14,150,139
1,6,4200,14,150,140
1,7,4200,14,150,141
1,8,4200,14,150,141
1,9,4200,14,150,141
1,10,4200,14,150,142
1,11,4200,14,150,143
1,12,4200,14,150,143
1,1,4200,15,150,74
1,2,4200,15,150,107
1,3,4200,15,150,127
1,4,4200,15,150,137
1,5,4200,15,150,140
1,6,4200,15,150,143
1,7,4200,15,150,143
1,8,4200,15,150,144
1,9,4200,15,150,147
1,10,4200,15,150,148
1,11,4200,15,150,148
1,12,4200,15,150,148
1,1,4800,5,132.06,37
1,2,4800,5,135.1445047098834,50
1,3,4800,5,135.1601012889204,61
1,4,4800,5,135.11362559495996,69
1,5,4800,5,138.51540180248102,73
1,6,4800,5,134.97816370910923,75
1,7,4800,5,134.87348409218006,81
1,8,4800,5,138.28134953790246,82
1,9,4800,5,134.73875242004343,81
1,10,4800,5,134.6700312440826,84
1,11,4800,5,138.07520823963804,85
1,12,4800,5,134.53817775455815,84
1,1,4800,6,150,30
1,2,4800,6,150,50
1,3,4800,6,150,72
1,4,4800,6,150,83
1,5,4800,6,150,89
1,6,4800,6,150,94
1,7,4800,6,150,97
1,8,4800,6,150,98
1,9,4800,6,150,99
1,10,4800,6,150,99
1,11,4800,6,150,99
1,12,4800,6,150,100
1,1,4800,7,150,45
1,2,4800,7,150,69
1,3,4800,7,150,82
1,4,4800,7,150,96
1,5,4800,7,150,98
1,6,4800,7,150,103
1,7,4800,7,150,104
1,8,4800,7,150,110
1,9,4800,7,150,113
1,10,4800,7,150,113
1,11,4800,7,150,109
1,12,4800,7,150,114
1,1,4800,8,150,50
1,2,4800,8,150,72
1,3,4800,8,150,97
1,4,4800,8,150,108
1,5,4800,8,150,116
1,6,4800,8,150,121
1,7,4800,8,150,120
1,8,4800,8,150,123
1,9,4800,8,150,123
1,10,4800,8,150,127
1,11,4800,8,150,125
1,12,4800,8,150,127
1,1,4800,9,150,52
1,2,4800,9,150,67
1,3,4800,9,150,97
1,4,4800,9,150,98
1,5,4800,9,150,111
1,6,4800,9,150,111
1,7,4800,9,150,113
1,8,4800,9,150,120
1,9,4800,9,150,119
1,10,4800,9,150,121
1,11,4800,9,150,124
1,12,4800,9,150,123
1,1,4800,10,150,39
1,2,4800,10,150,76
1,3,4800,10,150,102
1,4,4800,10,150,116
1,5,4800,10,150,120
1,6,4800,10,150,122
1,7,4800,10,150,126
1,8,4800,10,150,129
1,9,4800,10,150,130
1,10,4800,10,150,132
1,11,4800,10,150,133
1,12,4800,10,150,133
1,1,4800,11,150,68
1,2,4800,11,150,100
1,3,4800,11,150,121
1,4,4800,11,150,126
1,5,4800,11,150,132
1,6,4800,11,150,134
1,7,4800,11,150,136
1,8,4800,11,150,138
1,9,4800,11,150,139
1,10,4800,11,150,139
1,11,4800,11,150,140
1,12,4800,11,150,140
1,1,4800,12,150,70
1,2,4800,12,150,105
1,3,4800,12,150,130
1,4,4800,12,150,135
1,5,4800,12,150,139
1,6,4800,12,150,140
1,7,4800,12,150,141
1,8,4800,12,150,142
1,9,4800,12,150,142
1,10,4800,12,150,143
1,11,4800,12,150,143
1,12,4800,12,150,144
1,1,4800,13,150,66
1,2,4800,13,150,102
1,3,4800,13,150,121
1,4,4800,13,150,135
1,5,4800,13,150,138
1,6,4800,13,150,142
1,7,4800,13,150,143
1,8,4800,13,150,145
1,9,4800,13,150,145
1,10,4800,13,150,145
1,11,4800,13,150,145
1,12,4800,13,150,145
1,1,4800,14,150,60
1,2,4800,14,150,90
1,3,4800,14,150,118
1,4,4800,14,150,129
1,5,4800,14,150,133
1,6,4800,14,150,136
1,7,4800,14,150,139
1,8,4800,14,150,139
1,9,4800,14,150,141
1,10,4800,14,150,143
1,11,4800,14,150,144
1,12,4800,14,150,144
1,1,4800,15,150,68
1,2,4800,15,150,114
1,3,4800,15,150,137
1,4,4800,15,150,140
1,5,4800,15,150,144
1,6,4800,15,150,145
1,7,4800,15,150,146
1,8,4800,15,150,146
1,9,4800,15,150,147
1,10,4800,15,150,148
1,11,4800,15,150,149
1,12,4800,15,150,149
1,1,5400,5,142.64999999999995,23
1,2,5400,5,149.03786923443326,46
1,3,5400,5,149.09973507743925,62
1,4,5400,5,149.03786923443326,71
1,5,5400,5,148.9532466087035,83
1,6,5400,5,148.86544385622918,85
1,7,5400,5,148.77985791584146,87
1,8,5400,5,148.6980830280561,88
1,9,5400,5,148.62046970526444,89
1,10,5400,5,148.54692510942948,90
1,11,5400,5,148.47720076032675,90
1,12,5400,5,148.41100451433385,90
1,1,5400,6,145.83000000000004,36
1,2,5400,6,150,55
1,3,5400,6,150,72
1,4,5400,6,150,77
1,5,5400,6,150,82
1,6,5400,6,150,85
1,7,5400,6,150,89
1,8,5400,6,150,90
1,9,5400,6,150,91
1,10,5400,6,150,86
1,11,5400,6,150,91
1,12,5400,6,150,92
1,1,5400,7,150,39
1,2,5400,7,150,64
1,3,5400,7,150,82
1,4,5400,7,150,93
1,5,5400,7,150,99
1,6,5400,7,150,106
1,7,5400,7,150,109
1,8,5400,7,150,110
1,9,5400,7,150,110
1,10,5400,7,150,112
1,11,5400,7,150,113
1,12,5400,7,150,113
1,1,5400,8,150,47
1,2,5400,8,150,74
1,3,5400,8,150,92
1,4,5400,8,150,111
1,5,5400,8,150,115
1,6,5400,8,150,120
1,7,5400,8,150,121
1,8,5400,8,150,121
1,9,5400,8,150,121
1,10,5400,8,150,121
1,11,5400,8,150,123
1,12,5400,8,150,123
1,1,5400,9,150,40
1,2,5400,9,150,77
1,3,5400,9,150,94
1,4,5400,9,150,108
1,5,5400,9,150,114
1,6,5400,9,150,117
1,7,5400,9,150,119
1,8,5400,9,150,123
1,9,5400,9,150,124
1,10,5400,9,150,127
1,11,5400,9,150,128
1,12,5400,9,150,129
1,1,5400,10,150,59
1,2,5400,10,150,85
1,3,5400,10,150,108
1,4,5400,10,150,121
1,5,5400,10,150,128
1,6,5400,10,150,128
1,7,5400,10,150,130
1,8,5400,10,150,136
1,9,5400,10,150,136
1,10,5400,10,150,139
1,11,5400,10,150,140
1,12,5400,10,150,141
1,1,5400,11,150,67
1,2,5400,11,150,105
1,3,5400,11,150,116
1,4,5400,11,150,126
1,5,5400,11,150,129
1,6,5400,11,150,130
1,7,5400,11,150,135
1,8,5400,11,150,136
1,9,5400,11,150,136
1,10,5400,11,150,136
1,11,5400,11,150,136
1,12,5400,11,150,137
1,1,5400,12,150,56
1,2,5400,12,150,81
1,3,5400,12,150,112
1,4,5400,12,150,124
1,5,5400,12,150,129
1,6,5400,12,150,132
1,7,5400,12,150,138
1,8,5400,12,150,140
1,9,5400,12,150,140
1,10,5400,12,150,141
1,11,5400,12,150,142
1,12,5400,12,150,143
1,1,5400,13,150,72
1,2,5400,13,150,116
1,3,5400,13,150,132
1,4,5400,13,150,137
1,5,5400,13,150,139
1,6,5400,13,150,142
1,7,5400,13,150,143
1,8,5400,13,150,146
1,9,5400,13,150,147
1,10,5400,13,150,146
1,11,5400,13,150,147
1,12,5400,13,150,147
1,1,5400,14,150,67
1,2,5400,14,150,110
1,3,5400,14,150,132
1,4,5400,14,150,140
1,5,5400,14,150,146
1,6,5400,14,150,148
1,7,5400,14,150,148
1,8,5400,14,150,148
1,9,5400,14,150,149
1,10,5400,14,150,149
1,11,5400,14,150,149
1,12,5400,14,150,149
1,1,5400,15,150,72
1,2,5400,15,150,112
1,3,5400,15,150,130
1,4,5400,15,150,145
1,5,5400,15,150,146
1,6,5400,15,150,147
1,7,5400,15,150,147
1,8,5400,15,150,150
1,9,5400,15,150,150
1,10,5400,15,150,150
1,11,5400,15,150,150
1,12,5400,15,150,150
1,1,6000,5,120.66000000000007,25
1,2,6000,5,122.06450470988348,35
1,3,6000,5,127.18010128892034,53
1,4,6000,5,127.09974047086052,59
1,5,6000,5,122.01540180248105,55
1,6,6000,5,126.95067823001826,72
1,7,6000,5,126.85435385810929,78
1,8,6000,5,121.7813495379025,69
1,9,6000,5,126.71034726729363,84
1,10,6000,5,126.62881486128579,86
1,11,6000,5,121.57520823963806,76
1,12,6000,5,126.50446180952284,87
1,1,6000,6,150,29
1,2,6000,6,150,60
1,3,6000,6,150,79
1,4,6000,6,150,90
1,5,6000,6,150,93
1,6,6000,6,150,94
1,7,6000,6,150,96
1,8,6000,6,150,97
1,9,6000,6,150,98
1,10,6000,6,150,99
1,11,6000,6,150,99
1,12,6000,6,150,99
1,1,6000,7,150,25
1,2,6000,7,150,59
1,3,6000,7,150,77
1,4,6000,7,150,85
1,5,6000,7,150,90
1,6,6000,7,150,98
1,7,6000,7,150,102
1,8,6000,7,150,104
1,9,6000,7,150,107
1,10,6000,7,150,112
1,11,6000,7,150,112
1,12,6000,7,150,112
1,1,6000,8,150,40
1,2,6000,8,150,69
1,3,6000,8,150,82
1,4,6000,8,150,96
1,5,6000,8,150,105
1,6,6000,8,150,110
1,7,6000,8,150,115
1,8,6000,8,150,115
1,9,6000,8,150,118
1,10,6000,8,150,120
1,11,6000,8,150,121
1,12,6000,8,150,121
1,1,6000,9,150,52
1,2,6000,9,150,83
1,3,6000,9,150,99
1,4,6000,9,150,112
1,5,6000,9,150,120
1,6,6000,9,150,120
1,7,6000,9,150,124
1,8,6000,9,150,126
1,9,6000,9,150,129
1,10,6000,9,150,129
1,11,6000,9,150,131
1,12,6000,9,150,132
1,1,6000,10,150,45
1,2,6000,10,150,76
1,3,6000,10,150,99
1,4,6000,10,150,115
1,5,6000,10,150,111
1,6,6000,10,150,125
1,7,6000,10,150,122
1,8,6000,10,150,129
1,9,6000,10,150,127
1,10,6000,10,150,132
1,11,6000,10,150,131
1,12,6000,10,150,135
1,1,6000,11,150,63
1,2,6000,11,150,81
1,3,6000,11,150,112
1,4,6000,11,150,121
1,5,6000,11,150,131
1,6,6000,11,150,135
1,7,6000,11,150,137
1,8,6000,11,150,138
1,9,6000,11,150,140
1,10,6000,11,150,140
1,11,6000,11,150,140
1,12,6000,11,150,141
1,1,6000,12,150,70
1,2,6000,12,150,107
1,3,6000,12,150,129
1,4,6000,12,150,138
1,5,6000,12,150,140
1,6,6000,12,150,142
1,7,6000,12,150,145
1,8,6000,12,150,145
1,9,6000,12,150,145
1,10,6000,12,150,146
1,11,6000,12,150,146
1,12,6000,12,150,146
1,1,6000,13,150,74
1,2,6000,13,150,102
1,3,6000,13,150,118
1,4,6000,13,150,129
1,5,6000,13,150,136
1,6,6000,13,150,140
1,7,6000,13,150,143
1,8,6000,13,150,145
1,9,6000,13,150,145
1,10,6000,13,150,145
1,11,6000,13,150,146
1,12,6000,13,150,147
1,1,6000,14,150,62
1,2,6000,14,150,103
1,3,6000,14,150,131
1,4,6000,14,150,136
1,5,6000,14,150,141
1,6,6000,14,150,142
1,7,6000,14,150,143
1,8,6000,14,150,144
1,9,6000,14,150,144
1,10,6000,14,150,144
1,11,6000,14,150,145
1,12,6000,14,150,146
1,1,6000,15,150,73
1,2,6000,15,150,107
1,3,6000,15,150,127
1,4,6000,15,150,140
1,5,6000,15,150,145
1,6,6000,15,150,145
1,7,6000,15,150,146
1,8,6000,15,150,146
1,9,6000,15,150,146
1,10,6000,15,150,147
1,11,6000,15,150,147
1,12,6000,15,150,147
1,1,6600,5,131.21999999999997,27
1,2,6600,5,137.60786923443325,38
1,3,6600,5,137.66973507743924,54
1,4,6600,5,137.60786923443325,62
1,5,6600,5,137.5232466087035,71
1,6,6600,5,137.43544385622914,74
1,7,6600,5,137.34985791584145,81
1,8,6600,5,137.26808302805605,82
1,9,6600,5,137.1904697052644,85
1,10,6600,5,137.11692510942942,87
1,11,6600,5,137.0472007603267,87
1,12,6600,5,136.98100451433382,87
1,1,6600,6,148.5,32
1,2,6600,6,150,56
1,3,6600,6,150,71
1,4,6600,6,150,80
1,5,6600,6,150,85
1,6,6600,6,150,92
1,7,6600,6,150,94
1,8,6600,6,150,94
1,9,6600,6,150,87
1,10,6600,6,150,97
1,11,6600,6,150,98
1,12,6600,6,150,99
1,1,6600,7,150,49
1,2,6600,7,150,69
1,3,6600,7,150,92
1,4,6600,7,150,98
1,5,6600,7,150,107
1,6,6600,7,150,109
1,7,6600,7,150,109
1,8,6600,7,150,110
1,9,6600,7,150,112
1,10,6600,7,150,112
1,11,6600,7,150,112
1,12,6600,7,150,113
1,1,6600,8,150,38
1,2,6600,8,150,76
1,3,6600,8,150,90
1,4,6600,8,150,104
1,5,6600,8,150,109
1,6,6600,8,150,112
1,7,6600,8,150,116
1,8,6600,8,150,118
1,9,6600,8,150,119
1,10,6600,8,150,120
1,11,6600,8,150,120
1,12,6600,8,150,121
1,1,6600,9,150,47
1,2,6600,9,150,74
1,3,6600,9,150,88
1,4,6600,9,150,102
1,5,6600,9,150,103
1,6,6600,9,150,118
1,7,6600,9,150,122
1,8,6600,9,150,122
1,9,6600,9,150,128
1,10,6600,9,150,128
1,11,6600,9,150,128
1,12,6600,9,150,129
1,1,6600,10,150,56
1,2,6600,10,150,83
1,3,6600,10,150,103
1,4,6600,10,150,116
1,5,6600,10,150,123
1,6,6600,10,150,128
1,7,6600,10,150,130
1,8,6600,10,150,132
1,9,6600,10,150,133
1,10,6600,10,150,135
1,11,6600,10,150,136
1,12,6600,10,150,137
1,1,6600,11,150,68
1,2,6600,11,150,99
1,3,6600,11,150,111
1,4,6600,11,150,125
1,5,6600,11,150,126
1,6,6600,11,150,132
1,7,6600,11,150,135
1,8,6600,11,150,138
1,9,6600,11,150,138
1,10,6600,11,150,138
1,11,6600,11,150,140
1,12,6600,11,150,142
1,1,6600,12,150,64
1,2,6600,12,150,100
1,3,6600,12,150,118
1,4,6600,12,150,128
1,5,6600,12,150,139
1,6,6600,12,150,142
1,7,6600,12,150,143
1,8,6600,12,150,144
1,9,6600,12,150,145
1,10,6600,12,150,145
1,11,6600,12,150,145
1,12,6600,12,150,142
1,1,6600,13,150,72
1,2,6600,13,150,96
1,3,6600,13,150,121
1,4,6600,13,150,124
1,5,6600,13,150,139
1,6,6600,13,150,143
1,7,6600,13,150,146
1,8,6600,13,150,148
1,9,6600,13,150,148
1,10,6600,13,150,148
1,11,6600,13,150,148
1,12,6600,13,150,148
1,1,6600,14,150,77
1,2,6600,14,150,108
1,3,6600,14,150,124
1,4,6600,14,150,138
1,5,6600,14,150,140
1,6,6600,14,150,143
1,7,6600,14,150,144
1,8,6600,14,150,145
1,9,6600,14,150,145
1,10,6600,14,150,146
1,11,6600,14,150,146
1,12,6600,14,150,146
1,1,6600,15,150,84
1,2,6600,15,150,113
1,3,6600,15,150,136
1,4,6600,15,150,140
1,5,6600,15,150,142
1,6,6600,15,150,146
1,7,6600,15,150,144
1,8,6600,15,150,148
1,9,6600,15,150,148
1,10,6600,15,150,147
1,11,6600,15,150,148
1,12,6600,15,150,148
1,1,7200,5,130.62,36
1,2,7200,5,137.00786923443312,50
1,3,7200,5,137.06973507743928,66
1,4,7200,5,137.00786923443312,74
1,5,7200,5,136.92324660870338,80
1,6,7200,5,136.83544385622898,84
1,7,7200,5,136.74985791584152,87
1,8,7200,5,136.6680830280561,88
1,9,7200,5,136.59046970526444,88
1,10,7200,5,136.51692510942948,88
1,11,7200,5,136.4472007603268,88
1,12,7200,5,136.38100451433385,88
1,1,7200,6,150,32
1,2,7200,6,150,51
1,3,7200,6,150,62
1,4,7200,6,150,70
1,5,7200,6,150,76
1,6,7200,6,150,84
1,7,7200,6,150,89
1,8,7200,6,150,93
1,9,7200,6,150,96
1,10,7200,6,150,96
1,11,7200,6,150,96
1,12,7200,6,150,99
1,1,7200,7,150,38
1,2,7200,7,150,61
1,3,7200,7,150,74
1,4,7200,7,150,85
1,5,7200,7,150,97
1,6,7200,7,150,97
1,7,7200,7,150,101
1,8,7200,7,150,104
1,9,7200,7,150,104
1,10,7200,7,150,104
1,11,7200,7,150,109
1,12,7200,7,150,107
1,1,7200,8,150,54
1,2,7200,8,150,68
1,3,7200,8,150,81
1,4,7200,8,150,92
1,5,7200,8,150,106
1,6,7200,8,150,107
1,7,7200,8,150,112
1,8,7200,8,150,114
1,9,7200,8,150,116
1,10,7200,8,150,120
1,11,7200,8,150,123
1,12,7200,8,150,123
1,1,7200,9,150,51
1,2,7200,9,150,80
1,3,7200,9,150,91
1,4,7200,9,150,100
1,5,7200,9,150,115
1,6,7200,9,150,120
1,7,7200,9,150,121
1,8,7200,9,150,123
1,9,7200,9,150,123
1,10,7200,9,150,125
1,11,7200,9,150,125
1,12,7200,9,150,126
1,1,7200,10,150,53
1,2,7200,10,150,79
1,3,7200,10,150,98
1,4,7200,10,150,114
1,5,7200,10,150,124
1,6,7200,10,150,129
1,7,7200,10,150,132
1,8,7200,10,150,132
1,9,7200,10,150,134
1,10,7200,10,150,135
1,11,7200,10,150,135
1,12,7200,10,150,132
1,1,7200,11,150,55
1,2,7200,11,150,82
1,3,7200,11,150,105
1,4,7200,11,150,122
1,5,7200,11,150,128
1,6,7200,11,150,132
1,7,7200,11,150,136
1,8,7200,11,150,138
1,9,7200,11,150,140
1,10,7200,11,150,140
1,11,7200,11,150,142
1,12,7200,11,150,142
1,1,7200,12,150,73
1,2,7200,12,150,105
1,3,7200,12,150,128
1,4,7200,12,150,132
1,5,7200,12,150,139
1,6,7200,12,150,142
1,7,7200,12,150,143
1,8,7200,12,150,144
1,9,7200,12,150,144
1,10,7200,12,150,144
1,11,7200,12,150,144
1,12,7200,12,150,145
1,1,7200,13,150,82
1,2,7200,13,150,113
1,3,7200,13,150,130
1,4,7200,13,150,134
1,5,7200,13,150,135
1,6,7200,13,150,138
1,7,7200,13,150,139
1,8,7200,13,150,141
1,9,7200,13,150,141
1,10,7200,13,150,141
1,11,7200,13,150,141
1,12,7200,13,150,141
1,1,7200,14,150,78
1,2,7200,14,150,116
1,3,7200,14,150,135
1,4,7200,14,150,141
1,5,7200,14,150,142
1,6,7200,14,150,143
1,7,7200,14,150,144
1,8,7200,14,150,144
1,9,7200,14,150,145
1,10,7200,14,150,147
1,11,7200,14,150,147
1,12,7200,14,150,147
1,1,7200,15,150,74
1,2,7200,15,150,120
1,3,7200,15,150,135
1,4,7200,15,150,141
1,5,7200,15,150,142
1,6,7200,15,150,144
1,7,7200,15,150,145
1,8,7200,15,150,145
1,9,7200,15,150,146
1,10,7200,15,150,146
1,11,7200,15,150,146
1,12,7200,15,150,146
1,1,7800,5,115.47000000000008,27
1,2,7800,5,121.85786923443317,47
1,3,7800,5,121.9197350774392,60
1,4,7800,5,121.85786923443317,65
1,5,7800,5,121.77324660870342,69
1,6,7800,5,121.68544385622907,72
1,7,7800,5,121.5998579158416,79
1,8,7800,5,121.51808302805618,80
1,9,7800,5,121.44046970526428,81
1,10,7800,5,121.36692510942953,83
1,11,7800,5,121.29720076032665,85
1,12,7800,5,121.23100451433392,86
1,1,7800,6,150,42
1,2,7800,6,150,50
1,3,7800,6,150,71
1,4,7800,6,150,76
1,5,7800,6,150,80
1,6,7800,6,150,80
1,7,7800,6,150,84
1,8,7800,6,150,84
1,9,7800,6,150,87
1,10,7800,6,150,90
1,11,7800,6,150,91
1,12,7800,6,150,92
1,1,7800,7,150,44
1,2,7800,7,150,66
1,3,7800,7,150,79
1,4,7800,7,150,93
1,5,7800,7,150,100
1,6,7800,7,150,103
1,7,7800,7,150,107
1,8,7800,7,150,108
1,9,7800,7,150,105
1,10,7800,7,150,114
1,11,7800,7,150,115
1,12,7800,7,150,115
1,1,7800,8,150,52
1,2,7800,8,150,72
1,3,7800,8,150,86
1,4,7800,8,150,99
1,5,7800,8,150,106
1,6,7800,8,150,109
1,7,7800,8,150,112
1,8,7800,8,150,116
1,9,7800,8,150,117
1,10,7800,8,150,119
1,11,7800,8,150,121
1,12,7800,8,150,122
1,1,7800,9,150,51
1,2,7800,9,150,83
1,3,7800,9,150,102
1,4,7800,9,150,111
1,5,7800,9,150,119
1,6,7800,9,150,121
1,7,7800,9,150,125
1,8,7800,9,150,124
1,9,7800,9,150,127
1,10,7800,9,150,128
1,11,7800,9,150,128
1,12,7800,9,150,128
1,1,7800,10,150,58
1,2,7800,10,150,93
1,3,7800,10,150,113
1,4,7800,10,150,120
1,5,7800,10,150,123
1,6,7800,10,150,126
1,7,7800,10,150,128
1,8,7800,10,150,130
1,9,7800,10,150,132
1,10,7800,10,150,132
1,11,7800,10,150,132
1,12,7800,10,150,132
1,1,7800,11,150,53
1,2,7800,11,150,94
1,3,7800,11,150,113
1,4,7800,11,150,123
1,5,7800,11,150,128
1,6,7800,11,150,132
1,7,7800,11,150,134
1,8,7800,11,150,135
1,9,7800,11,150,137
1,10,7800,11,150,138
1,11,7800,11,150,138
1,12,7800,11,150,139
1,1,7800,12,150,61
1,2,7800,12,150,86
1,3,7800,12,150,117
1,4,7800,12,150,127
1,5,7800,12,150,132
1,6,7800,12,150,135
1,7,7800,12,150,135
1,8,7800,12,150,136
1,9,7800,12,150,137
1,10,7800,12,150,136
1,11,7800,12,150,138
1,12,7800,12,150,139
1,1,7800,13,150,62
1,2,7800,13,150,94
1,3,7800,13,150,120
1,4,7800,13,150,131
1,5,7800,13,150,138
1,6,7800,13,150,139
1,7,7800,13,150,139
1,8,7800,13,150,140
1,9,7800,13,150,140
1,10,7800,13,150,141
1,11,7800,13,150,141
1,12,7800,13,150,142
1,1,7800,14,150,69
1,2,7800,14,150,113
1,3,7800,14,150,134
1,4,7800,14,150,138
1,5,7800,14,150,142
1,6,7800,14,150,142
1,7,7800,14,150,144
1,8,7800,14,150,144
1,9,7800,14,150,146
1,10,7800,14,150,146
1,11,7800,14,150,146
1,12,7800,14,150,147
1,1,7800,15,150,73
1,2,7800,15,150,114
1,3,7800,15,150,138
1,4,7800,15,150,143
1,5,7800,15,150,146
1,6,7800,15,150,148
1,7,7800,15,150,149
1,8,7800,15,150,150
1,9,7800,15,150,150
1,10,7800,15,150,150
1,11,7800,15,150,150
1,12,7800,15,150,150
1,1,8400,5,125.4000000000001,29
1,2,8400,5,131.78786923443323,54
1,3,8400,5,131.84973507743922,68
1,4,8400,5,131.78786923443323,79
1,5,8400,5,131.70324660870347,83
1,6,8400,5,131.6154438562291,84
1,7,8400,5,131.5298579158416,87
1,8,8400,5,131.44808302805617,87
1,9,8400,5,131.3704697052643,88
1,10,8400,5,131.2969251094294,89
1,11,8400,5,131.22720076032667,89
1,12,8400,5,131.1610045143338,89
1,1,8400,6,139.14000000000007,29
1,2,8400,6,146.5925141068387,56
1,3,8400,6,146.66469092367902,72
1,4,8400,6,146.5925141068387,81
1,5,8400,6,146.49378771015395,87
1,6,8400,6,146.39135116560055,92
1,7,8400,6,146.29150090181517,96
1,8,8400,6,146.1960968660654,97
1,9,8400,6,146.1055479894752,99
1,10,8400,6,146.01974596100095,100
1,11,8400,6,145.93840088704783,100
1,12,8400,6,145.86117193338956,100
1,1,8400,7,150,49
1,2,8400,7,150,67
1,3,8400,7,150,79
1,4,8400,7,150,88
1,5,8400,7,150,95
1,6,8400,7,150,98
1,7,8400,7,150,101
1,8,8400,7,150,104
1,9,8400,7,150,104
1,10,8400,7,150,107
1,11,8400,7,150,108
1,12,8400,7,150,110
1,1,8400,8,150,37
1,2,8400,8,150,69
1,3,8400,8,150,85
1,4,8400,8,150,97
1,5,8400,8,150,106
1,6,8400,8,150,114
1,7,8400,8,150,115
1,8,8400,8,150,119
1,9,8400,8,150,120
1,10,8400,8,150,122
1,11,8400,8,150,124
1,12,8400,8,150,125
1,1,8400,9,150,57
1,2,8400,9,150,86
1,3,8400,9,150,109
1,4,8400,9,150,119
1,5,8400,9,150,123
1,6,8400,9,150,127
1,7,8400,9,150,129
1,8,8400,9,150,131
1,9,8400,9,150,133
1,10,8400,9,150,134
1,11,8400,9,150,134
1,12,8400,9,150,134
1,1,8400,10,150,55
1,2,8400,10,150,85
1,3,8400,10,150,105
1,4,8400,10,150,118
1,5,8400,10,150,127
1,6,8400,10,150,130
1,7,8400,10,150,134
1,8,8400,10,150,137
1,9,8400,10,150,137
1,10,8400,10,150,137
1,11,8400,10,150,138
1,12,8400,10,150,138
1,1,8400,11,150,57
1,2,8400,11,150,81
1,3,8400,11,150,109
1,4,8400,11,150,120
1,5,8400,11,150,130
1,6,8400,11,150,134
1,7,8400,11,150,136
1,8,8400,11,150,137
1,9,8400,11,150,140
1,10,8400,11,150,141
1,11,8400,11,150,141
1,12,8400,11,150,142
1,1,8400,12,150,77
1,2,8400,12,150,105
1,3,8400,12,150,126
1,4,8400,12,150,137
1,5,8400,12,150,138
1,6,8400,12,150,143
1,7,8400,12,150,145
1,8,8400,12,150,146
1,9,8400,12,150,146
1,10,8400,12,150,146
1,11,8400,12,150,146
1,12,8400,12,150,146
1,1,8400,13,150,66
1,2,8400,13,150,100
1,3,8400,13,150,126
1,4,8400,13,150,133
1,5,8400,13,150,138
1,6,8400,13,150,141
1,7,8400,13,150,142
1,8,8400,13,150,143
1,9,8400,13,150,147
1,10,8400,13,150,147
1,11,8400,13,150,147
1,12,8400,13,150,147
1,1,8400,14,150,77
1,2,8400,14,150,108
1,3,8400,14,150,120
1,4,8400,14,150,138
1,5,8400,14,150,141
1,6,8400,14,150,143
1,7,8400,14,150,144
1,8,8400,14,150,144
1,9,8400,14,150,144
1,10,8400,14,150,144
1,11,8400,14,150,144
1,12,8400,14,150,144
1,1,8400,15,150,80
1,2,8400,15,150,110
1,3,8400,15,150,132
1,4,8400,15,150,137
1,5,8400,15,150,143
1,6,8400,15,150,147
1,7,8400,15,150,148
1,8,8400,15,150,148
1,9,8400,15,150,149
1,10,8400,15,150,149
1,11,8400,15,150,149
1,12,8400,15,150,149
1,1,9000,5,131.0100000000001,30
1,2,9000,5,137.3978692344332,48
1,3,9000,5,137.45973507743915,57
1,4,9000,5,137.3978692344332,67
1,5,9000,5,137.31324660870342,73
1,6,9000,5,137.22544385622908,77
1,7,9000,5,130.4333507787875,69
1,8,9000,5,137.08494057705724,83
1,9,9000,5,137.0046036308827,86
1,10,9000,5,136.92886675965707,87
1,11,9000,5,136.85733474294923,87
1,12,9000,5,130.07884441236033,79
1,1,9000,6,150,36
1,2,9000,6,150,61
1,3,9000,6,150,77
1,4,9000,6,150,93
1,5,9000,6,150,96
1,6,9000,6,150,98
1,7,9000,6,150,98
1,8,9000,6,150,101
1,9,9000,6,150,101
1,10,9000,6,150,102
1,11,9000,6,150,102
1,12,9000,6,150,102
1,1,9000,7,150,43
1,2,9000,7,150,64
1,3,9000,7,150,81
1,4,9000,7,150,89
1,5,9000,7,150,90
1,6,9000,7,150,97
1,7,9000,7,150,101
1,8,9000,7,150,102
1,9,9000,7,150,103
1,10,9000,7,150,104
1,11,9000,7,150,104
1,12,9000,7,150,107
1,1,9000,8,150,54
1,2,9000,8,150,85
1,3,9000,8,150,103
1,4,9000,8,150,108
1,5,9000,8,150,121
1,6,9000,8,150,119
1,7,9000,8,150,125
1,8,9000,8,150,124
1,9,9000,8,150,125
1,10,9000,8,150,125
1,11,9000,8,150,125
1,12,9000,8,150,126
1,1,9000,9,150,52
1,2,9000,9,150,81
1,3,9000,9,150,95
1,4,9000,9,150,110
1,5,9000,9,150,117
1,6,9000,9,150,124
1,7,9000,9,150,126
1,8,9000,9,150,128
1,9,9000,9,150,128
1,10,9000,9,150,129
1,11,9000,9,150,129
1,12,9000,9,150,130
1,1,9000,10,150,57
1,2,9000,10,150,101
1,3,9000,10,150,114
1,4,9000,10,150,117
1,5,9000,10,150,123
1,6,9000,10,150,128
1,7,9000,10,150,129
1,8,9000,10,150,130
1,9,9000,10,150,132
1,10,9000,10,150,132
1,11,9000,10,150,134
1,12,9000,10,150,135
1,1,9000,11,150,58
1,2,9000,11,150,83
1,3,9000,11,150,102
1,4,9000,11,150,117
1,5,9000,11,150,125
1,6,9000,11,150,130
1,7,9000,11,150,134
1,8,9000,11,150,135
1,9,9000,11,150,136
1,10,9000,11,150,137
1,11,9000,11,150,137
1,12,9000,11,150,137
1,1,9000,12,150,56
1,2,9000,12,150,92
1,3,9000,12,150,113
1,4,9000,12,150,126
1,5,9000,12,150,137
1,6,9000,12,150,140
1,7,9000,12,150,139
1,8,9000,12,150,140
1,9,9000,12,150,141
1,10,9000,12,150,142
1,11,9000,12,150,142
1,12,9000,12,150,142
1,1,9000,13,150,64
1,2,9000,13,150,109
1,3,9000,13,150,125
1,4,9000,13,150,131
1,5,9000,13,150,137
1,6,9000,13,150,138
1,7,9000,13,150,141
1,8,9000,13,150,142
1,9,9000,13,150,143
1,10,9000,13,150,143
1,11,9000,13,150,143
1,12,9000,13,150,143
1,1,9000,14,150,63
1,2,9000,14,150,95
1,3,9000,14,150,121
1,4,9000,14,150,131
1,5,9000,14,150,135
1,6,9000,14,150,143
1,7,9000,14,150,143
1,8,9000,14,150,143
1,9,9000,14,150,143
1,10,9000,14,150,146
1,11,9000,14,150,146
1,12,9000,14,150,146
1,1,9000,15,150,80
1,2,9000,15,150,120
1,3,9000,15,150,134
1,4,9000,15,150,143
1,5,9000,15,150,145
1,6,9000,15,150,148
1,7,9000,15,150,149
1,8,9000,15,150,150
1,9,9000,15,150,150
1,10,9000,15,150,150
1,11,9000,15,150,150
1,12,9000,15,150,150
1,1,9600,5,136.67999999999998,28
1,2,9600,5,143.0678692344331,51
1,3,9600,5,143.12973507743925,62
1,4,9600,5,143.0678692344331,68
1,5,9600,5,142.98324660870333,72
1,6,9600,5,142.89544385622898,77
1,7,9600,5,142.80985791584152,79
1,8,9600,5,142.72808302805603,79
1,9,9600,5,142.65046970526438,80
1,10,9600,5,142.57692510942945,80
1,11,9600,5,142.50720076032675,80
1,12,9600,5,142.44100451433386,80
1,1,9600,6,148.59000000000006,34
1,2,9600,6,150,56
1,3,9600,6,150,74
1,4,9600,6,150,82
1,5,9600,6,150,87
1,6,9600,6,150,92
1,7,9600,6,150,94
1,8,9600,6,150,97
1,9,9600,6,150,97
1,10,9600,6,150,98
1,11,9600,6,150,98
1,12,9600,6,150,99
1,1,9600,7,150,38
1,2,9600,7,150,67
1,3,9600,7,150,79
1,4,9600,7,150,88
1,5,9600,7,150,97
1,6,9600,7,150,101
1,7,9600,7,150,104
1,8,9600,7,150,109
1,9,9600,7,150,111
1,10,9600,7,150,111
1,11,9600,7,150,112
1,12,9600,7,150,113
1,1,9600,8,150,60
1,2,9600,8,150,82
1,3,9600,8,150,107
1,4,9600,8,150,104
1,5,9600,8,150,110
1,6,9600,8,150,113
1,7,9600,8,150,120
1,8,9600,8,150,120
1,9,9600,8,150,118
1,10,9600,8,150,126
1,11,9600,8,150,122
1,12,9600,8,150,121
1,1,9600,9,150,51
1,2,9600,9,150,74
1,3,9600,9,150,97
1,4,9600,9,150,107
1,5,9600,9,150,115
1,6,9600,9,150,118
1,7,9600,9,150,123
1,8,9600,9,150,124
1,9,9600,9,150,124
1,10,9600,9,150,124
1,11,9600,9,150,125
1,12,9600,9,150,127
1,1,9600,10,150,60
1,2,9600,10,150,95
1,3,9600,10,150,108
1,4,9600,10,150,120
1,5,9600,10,150,123
1,6,9600,10,150,127
1,7,9600,10,150,130
1,8,9600,10,150,133
1,9,9600,10,150,134
1,10,9600,10,150,135
1,11,9600,10,150,136
1,12,9600,10,150,136
1,1,9600,11,150,68
1,2,9600,11,150,104
1,3,9600,11,150,118
1,4,9600,11,150,127
1,5,9600,11,150,131
1,6,9600,11,150,134
1,7,9600,11,150,137
1,8,9600,11,150,140
1,9,9600,11,150,136
1,10,9600,11,150,141
1,11,9600,11,150,141
1,12,9600,11,150,136
1,1,9600,12,150,62
1,2,9600,12,150,104
1,3,9600,12,150,122
1,4,9600,12,150,128
1,5,9600,12,150,138
1,6,9600,12,150,140
1,7,9600,12,150,140
1,8,9600,12,150,141
1,9,9600,12,150,143
1,10,9600,12,150,145
1,11,9600,12,150,145
1,12,9600,12,150,145
1,1,9600,13,150,59
1,2,9600,13,150,108
1,3,9600,13,150,122
1,4,9600,13,150,126
1,5,9600,13,150,135
1,6,9600,13,150,140
1,7,9600,13,150,144
1,8,9600,13,150,144
1,9,9600,13,150,144
1,10,9600,13,150,144
1,11,9600,13,150,144
1,12,9600,13,150,144
1,1,9600,14,150,73
1,2,9600,14,150,105
1,3,9600,14,150,126
1,4,9600,14,150,137
1,5,9600,14,150,145
1,6,9600,14,150,146
1,7,9600,14,150,146
1,8,9600,14,150,146
1,9,9600,14,150,146
1,10,9600,14,150,146
1,11,9600,14,150,146
1,12,9600,14,150,146
1,1,9600,15,150,68
1,2,9600,15,150,99
1,3,9600,15,150,118
1,4,9600,15,150,130
1,5,9600,15,150,138
1,6,9600,15,150,144
1,7,9600,15,150,144
1,8,9600,15,150,145
1,9,9600,15,150,145
1,10,9600,15,150,145
1,11,9600,15,150,145
1,12,9600,15,150,145
